document,frequency_in_document,anomaly
2018,0.0023736985845211,-1
2019,0.0024016535441431,-1
